{
  "session_id": "20250716_162107",
  "simulation_params": {
    "constellation": "globalstar",
    "num_ground_stations": 10,
    "total_traffic": 6.0,
    "duration": 180.0,
    "scenario": "performance"
  },
  "network_stats": {
    "total_nodes": 58,
    "satellites": 48,
    "ground_stations": 10,
    "total_links": 116,
    "average_degree": 4.0,
    "is_connected": true
  },
  "traffic_stats": {
    "total_flows": 6003,
    "elephant_flows": 83,
    "mouse_flows": 5920,
    "avg_bandwidth": 6.644474739480184,
    "max_bandwidth": 136.50927416948065,
    "min_bandwidth": 0.2273485573538117,
    "avg_duration": 0.8939940879434659,
    "total_traffic": 35.71456128075561,
    "elephant_ratio": 0.013826420123271697
  },
  "ldmr_statistics": {
    "total_demands": 6003,
    "successful_demands": 6003,
    "failed_demands": 0,
    "success_rate": 1.0,
    "total_paths_calculated": 12006,
    "avg_paths_per_successful_demand": 2.0,
    "avg_path_length": 4.884057971014493,
    "min_path_length": 2,
    "max_path_length": 13,
    "std_path_length": 1.629843304341247,
    "avg_path_delay": 0.0726976609759729,
    "min_path_delay": 0.013807707343909133,
    "max_path_delay": 0.24556438485365575,
    "std_path_delay": 0.030494114616408743,
    "avg_computation_time": 0.00037338668935084054,
    "total_computation_time": 2.2414402961730957,
    "max_computation_time": 0.013648033142089844,
    "total_links_used": 116,
    "max_link_usage": 974,
    "avg_link_usage": 308.0689655172414,
    "link_usage_distribution": {
      "('GS_8', 'S_6_3')": 751,
      "('S_6_2', 'S_6_3')": 550,
      "('GS_5', 'S_6_2')": 970,
      "('GS_7', 'S_0_5')": 559,
      "('S_0_5', 'S_7_5')": 292,
      "('S_7_0', 'S_7_5')": 96,
      "('S_7_0', 'S_7_1')": 183,
      "('GS_2', 'S_7_1')": 509,
      "('GS_7', 'S_2_4')": 713,
      "('S_2_4', 'S_2_5')": 180,
      "('S_2_0', 'S_2_5')": 223,
      "('GS_8', 'S_2_0')": 903,
      "('GS_1', 'S_5_1')": 725,
      "('S_5_1', 'S_6_1')": 532,
      "('S_6_1', 'S_6_2')": 194,
      "('S_0_0', 'S_0_5')": 224,
      "('S_0_0', 'S_0_1')": 456,
      "('S_0_1', 'S_0_2')": 372,
      "('GS_3', 'S_0_2')": 669,
      "('S_0_1', 'S_7_1')": 415,
      "('GS_6', 'S_0_1')": 505,
      "('GS_6', 'S_6_2')": 867,
      "('S_2_3', 'S_2_4')": 276,
      "('S_2_2', 'S_2_3')": 204,
      "('S_2_1', 'S_2_2')": 418,
      "('GS_0', 'S_2_1')": 752,
      "('GS_9', 'S_0_0')": 550,
      "('GS_5', 'S_0_1')": 509,
      "('S_2_0', 'S_2_1')": 472,
      "('GS_3', 'S_2_1')": 876,
      "('S_5_2', 'S_6_2')": 827,
      "('S_5_1', 'S_5_2')": 303,
      "('S_6_3', 'S_6_4')": 159,
      "('GS_4', 'S_6_4')": 395,
      "('GS_4', 'S_4_5')": 717,
      "('S_4_0', 'S_4_5')": 192,
      "('S_4_0', 'S_4_1')": 92,
      "('S_4_1', 'S_5_1')": 191,
      "('GS_0', 'S_0_2')": 747,
      "('GS_2', 'S_5_2')": 845,
      "('GS_1', 'S_3_2')": 564,
      "('S_2_2', 'S_3_2')": 468,
      "('S_3_5', 'S_4_5')": 189,
      "('S_3_4', 'S_3_5')": 30,
      "('S_2_4', 'S_3_4')": 236,
      "('S_2_1', 'S_3_1')": 587,
      "('S_3_1', 'S_3_2')": 284,
      "('S_5_4', 'S_6_4')": 73,
      "('S_5_3', 'S_5_4')": 73,
      "('S_5_2', 'S_5_3')": 297,
      "('S_3_2', 'S_4_2')": 459,
      "('S_4_2', 'S_4_3')": 412,
      "('GS_9', 'S_4_3')": 974,
      "('S_0_2', 'S_7_2')": 592,
      "('S_7_1', 'S_7_2')": 152,
      "('S_4_4', 'S_4_5')": 152,
      "('S_4_3', 'S_4_4')": 219,
      "('S_5_0', 'S_5_1')": 167,
      "('S_5_0', 'S_5_5')": 100,
      "('S_4_5', 'S_5_5')": 198,
      "('S_5_3', 'S_6_3')": 228,
      "('S_4_3', 'S_5_3')": 344,
      "('S_3_3', 'S_3_4')": 119,
      "('S_3_2', 'S_3_3')": 193,
      "('S_3_4', 'S_4_4')": 135,
      "('S_4_2', 'S_5_2')": 584,
      "('S_4_1', 'S_4_2')": 193,
      "('S_4_0', 'S_5_0')": 69,
      "('S_5_0', 'S_6_0')": 162,
      "('S_6_0', 'S_6_1')": 137,
      "('S_6_4', 'S_7_4')": 202,
      "('S_7_3', 'S_7_4')": 79,
      "('S_7_2', 'S_7_3')": 118,
      "('S_6_2', 'S_7_2')": 468,
      "('S_0_3', 'S_7_3')": 167,
      "('S_0_3', 'S_1_3')": 57,
      "('S_1_3', 'S_2_3')": 49,
      "('S_2_3', 'S_3_3')": 193,
      "('S_3_3', 'S_4_3')": 383,
      "('S_6_3', 'S_7_3')": 248,
      "('S_0_2', 'S_0_3')": 204,
      "('S_0_3', 'S_0_4')": 112,
      "('S_0_4', 'S_7_4')": 135,
      "('S_0_2', 'S_1_2')": 198,
      "('S_1_2', 'S_1_3')": 38,
      "('S_0_4', 'S_1_4')": 51,
      "('S_1_3', 'S_1_4')": 46,
      "('S_6_4', 'S_6_5')": 141,
      "('S_6_0', 'S_6_5')": 97,
      "('S_6_0', 'S_7_0')": 212,
      "('S_0_0', 'S_7_0')": 255,
      "('S_0_0', 'S_1_0')": 295,
      "('S_1_0', 'S_1_1')": 174,
      "('S_1_1', 'S_1_2')": 90,
      "('S_6_5', 'S_7_5')": 208,
      "('S_0_4', 'S_0_5')": 182,
      "('S_6_1', 'S_7_1')": 409,
      "('S_1_0', 'S_1_5')": 26,
      "('S_1_5', 'S_2_5')": 35,
      "('S_2_5', 'S_3_5')": 100,
      "('S_4_4', 'S_5_4')": 74,
      "('S_5_4', 'S_5_5')": 22,
      "('S_0_1', 'S_1_1')": 691,
      "('S_1_0', 'S_2_0')": 441,
      "('S_1_1', 'S_2_1')": 491,
      "('S_3_0', 'S_3_1')": 63,
      "('S_2_0', 'S_3_0')": 115,
      "('S_0_5', 'S_1_5')": 19,
      "('S_3_0', 'S_3_5')": 89,
      "('S_1_2', 'S_2_2')": 204,
      "('S_1_4', 'S_1_5')": 14,
      "('S_5_5', 'S_6_5')": 128,
      "('S_3_0', 'S_4_0')": 79,
      "('S_3_1', 'S_4_1')": 322,
      "('S_1_4', 'S_2_4')": 91,
      "('S_7_4', 'S_7_5')": 118
    },
    "algorithm_execution_stats": {
      "total_time": 2.279541254043579,
      "path_calculations": 35736,
      "weight_updates": 673100,
      "link_removals": 23248
    }
  },
  "disjoint_verification": {
    "total_results_checked": 6003,
    "disjoint_results": 6003,
    "non_disjoint_results": 0,
    "disjoint_rate": 1.0,
    "conflicts": []
  },
  "simulation_time": 2.312541961669922,
  "timestamp": "2025-07-16T16:21:32.842304"
}