{
  "parameter": "K",
  "values": [
    2,
    3,
    4
  ],
  "results": {
    "2": {
      "success_rate": 1.0,
      "avg_path_delay": 0.07124418232914223,
      "total_paths": 5130,
      "avg_computation_time": 0.0003540375544081422
    },
    "3": {
      "success_rate": 1.0,
      "avg_path_delay": 0.07160650422347944,
      "total_paths": 4968,
      "avg_computation_time": 0.0006305540817371314
    },
    "4": {
      "success_rate": 1.0,
      "avg_path_delay": 0.07333534810223423,
      "total_paths": 5106,
      "avg_computation_time": 0.0006296089290405226
    }
  },
  "best_value": 2,
  "timestamp": "2025-07-16T23:28:49.864496"
}