{
  "parameter": "r3",
  "values": [
    30,
    40,
    50,
    60,
    70
  ],
  "results": {
    "30": {
      "success_rate": 1.0,
      "avg_path_delay": 0.07281644972738686,
      "total_paths": 5394,
      "avg_computation_time": 0.00035258156306486375
    },
    "40": {
      "success_rate": 1.0,
      "avg_path_delay": 0.07342833171137414,
      "total_paths": 5088,
      "avg_computation_time": 0.00034701833560031917
    },
    "50": {
      "success_rate": 1.0,
      "avg_path_delay": 0.07192999542981507,
      "total_paths": 5050,
      "avg_computation_time": 0.0003507599972262241
    },
    "60": {
      "success_rate": 1.0,
      "avg_path_delay": 0.07428939976133653,
      "total_paths": 5130,
      "avg_computation_time": 0.0003571017676161976
    },
    "70": {
      "success_rate": 1.0,
      "avg_path_delay": 0.0757807637234887,
      "total_paths": 5318,
      "avg_computation_time": 0.0004004138266515714
    }
  },
  "best_value": 30,
  "timestamp": "2025-07-16T23:28:29.203189"
}